"Guid","AccountId","AssistantName","AssistantPhone","Birthdate","Department","Description","Email","EmailBouncedReason","Fax","FirstName","HomePhone","Jigsaw","LastName","LeadSource","MailingCity","MailingCountry","MailingGeocodeAccuracy","MailingLatitude","MailingLongitude","MailingPostalCode","MailingState","MailingStreet","MobilePhone","OtherCity","OtherCountry","OtherGeocodeAccuracy","OtherLatitude","OtherLongitude","OtherPhone","OtherPostalCode","OtherState","OtherStreet","Phone","Salutation","Title"
0126524e-7c07-4dd5-ba91-cd046f10fe14,"#N/A","#N/A","#N/A","#N/A","#N/A","#N/A","#N/A","#N/A","#N/A",Roshan,"#N/A","#N/A",sharma,"#N/A","#N/A","#N/A","#N/A","#N/A","#N/A","#N/A","#N/A","#N/A","#N/A","#N/A","#N/A","#N/A","#N/A","#N/A","#N/A","#N/A","#N/A","#N/A","#N/A","#N/A","#N/A"
015653e5-fc86-4388-bb1a-1347b31d9381,492d34d5-81d7-4b8e-97e1-e3825991d6e7,"#N/A","#N/A","#N/A","#N/A","#N/A","#N/A","#N/A","#N/A",Rinku,"#N/A","#N/A",Sharma,"#N/A","#N/A","#N/A","#N/A","#N/A","#N/A","#N/A","#N/A","#N/A","#N/A","#N/A","#N/A","#N/A","#N/A","#N/A","#N/A","#N/A","#N/A","#N/A","#N/A","#N/A","#N/A"
02c8e6d1-25c8-476a-9e8b-913bc5f93142,89ff5684-2eca-4b0d-99cb-9312eff0e170,"#N/A","#N/A","#N/A","#N/A","#N/A","#N/A","#N/A","#N/A",vishnu,"#N/A","#N/A",sharma,"#N/A","#N/A","#N/A","#N/A","#N/A","#N/A","#N/A","#N/A","#N/A","#N/A","#N/A","#N/A","#N/A","#N/A","#N/A","#N/A","#N/A","#N/A","#N/A","#N/A",Mr.,"#N/A"
0420867a-6bce-429d-b5a5-52ea644523cc,102b6934-4f99-4a42-a0e1-33f47fcdb7ec,"#N/A","#N/A","#N/A","#N/A","#N/A","#N/A","#N/A","#N/A",Roshan,"#N/A","#N/A",sharma,"#N/A","#N/A","#N/A","#N/A","#N/A","#N/A","#N/A","#N/A","#N/A","#N/A","#N/A","#N/A","#N/A","#N/A","#N/A","#N/A","#N/A","#N/A","#N/A","#N/A","#N/A","#N/A"
0556f395-e3f9-4557-9fa4-7e0433f9e793,c8edc3cf-03d0-405c-95f2-e6916b74db7e,"#N/A","#N/A","#N/A","#N/A","#N/A","#N/A","#N/A","#N/A",Sekh,"#N/A","#N/A",Hasina,"#N/A","#N/A","#N/A","#N/A","#N/A","#N/A","#N/A","#N/A","#N/A","#N/A","#N/A","#N/A","#N/A","#N/A","#N/A","#N/A","#N/A","#N/A","#N/A","#N/A","#N/A","#N/A"
05dbfec7-4b91-47df-9932-7d41d7f5c42c,d191d7f7-fc95-434c-b2b8-912c124b11a1,"#N/A","#N/A","#N/A","#N/A","#N/A","#N/A","#N/A","#N/A",vishal,"#N/A","#N/A",Sharma,"#N/A","#N/A","#N/A","#N/A","#N/A","#N/A","#N/A","#N/A","#N/A","#N/A","#N/A","#N/A","#N/A","#N/A","#N/A","#N/A","#N/A","#N/A","#N/A","#N/A",Mr.,"#N/A"
066feae8-1909-4a6f-9de8-92e220dc5272,f4a29f84-aa15-43e1-b316-923c4cae8f8b,"#N/A","#N/A","#N/A","#N/A","#N/A","#N/A","#N/A","#N/A",vishnu,"#N/A","#N/A",sharma,"#N/A","#N/A","#N/A","#N/A","#N/A","#N/A","#N/A","#N/A","#N/A","#N/A","#N/A","#N/A","#N/A","#N/A","#N/A","#N/A","#N/A","#N/A","#N/A","#N/A",Mr.,"#N/A"
07bf2d05-1813-4035-bcc0-709fd8de9a24,"#N/A","#N/A","#N/A","#N/A","#N/A","#N/A","#N/A","#N/A","#N/A",Hari,"#N/A","#N/A",Singh,"#N/A","#N/A","#N/A","#N/A","#N/A","#N/A","#N/A","#N/A","#N/A","#N/A","#N/A","#N/A","#N/A","#N/A","#N/A","#N/A","#N/A","#N/A","#N/A","#N/A","#N/A","#N/A"
0d02a9f9-f4cd-453b-80b8-2bca00b76761,"#N/A","#N/A","#N/A","#N/A","#N/A","#N/A","#N/A","#N/A","#N/A",Hari,"#N/A","#N/A",Singh,"#N/A","#N/A","#N/A","#N/A","#N/A","#N/A","#N/A","#N/A","#N/A","#N/A","#N/A","#N/A","#N/A","#N/A","#N/A","#N/A","#N/A","#N/A","#N/A","#N/A","#N/A","#N/A"
0df213e8-363e-458f-9477-859429c9bfe3,abfba150-6e2a-48c8-bda6-fd33b22595ca,"#N/A","#N/A","#N/A","#N/A","#N/A","#N/A","#N/A","#N/A",vishnu,"#N/A","#N/A",sharma,"#N/A","#N/A","#N/A","#N/A","#N/A","#N/A","#N/A","#N/A","#N/A","#N/A","#N/A","#N/A","#N/A","#N/A","#N/A","#N/A","#N/A","#N/A","#N/A","#N/A",Mr.,"#N/A"
0f6b9d9a-3815-414f-9b0c-25a0292b50f7,5ef134b1-f696-46c8-be26-a649b7fc825e,"#N/A","#N/A","#N/A","#N/A","#N/A","#N/A","#N/A","#N/A",Rakesh,"#N/A","#N/A",Singh,"#N/A","#N/A","#N/A","#N/A","#N/A","#N/A","#N/A","#N/A","#N/A","#N/A","#N/A","#N/A","#N/A","#N/A","#N/A","#N/A","#N/A","#N/A","#N/A","#N/A","#N/A","#N/A"
0f8df85b-e065-44fe-bf92-18e9340fe76a,c87f6c65-8bc4-48be-b5fd-f0d2630a6f0c,"#N/A","#N/A","#N/A","#N/A","#N/A","#N/A","#N/A","#N/A",Mohan,"#N/A","#N/A",singh,"#N/A","#N/A","#N/A","#N/A","#N/A","#N/A","#N/A","#N/A","#N/A","#N/A","#N/A","#N/A","#N/A","#N/A","#N/A","#N/A","#N/A","#N/A","#N/A","#N/A","#N/A","#N/A"
1681bc8b-31ef-45bd-af08-b4fcca1a3397,08bea4ef-3bfc-4234-94d3-8e80d7786ff2,"#N/A","#N/A","#N/A","#N/A","#N/A","#N/A","#N/A","#N/A",Sekh,"#N/A","#N/A",Hasina,"#N/A","#N/A","#N/A","#N/A","#N/A","#N/A","#N/A","#N/A","#N/A","#N/A","#N/A","#N/A","#N/A","#N/A","#N/A","#N/A","#N/A","#N/A","#N/A","#N/A","#N/A","#N/A"
16ac8eae-f3b3-4a2b-8330-a1e62f1b6589,0380831f-0b28-40fc-9170-da060211a01a,"#N/A","#N/A","#N/A","#N/A","#N/A","#N/A","#N/A","#N/A",Mohan,"#N/A","#N/A",singh,"#N/A","#N/A","#N/A","#N/A","#N/A","#N/A","#N/A","#N/A","#N/A","#N/A","#N/A","#N/A","#N/A","#N/A","#N/A","#N/A","#N/A","#N/A","#N/A","#N/A","#N/A","#N/A"
1780578c-3c26-4bb2-9c24-f0deeb100614,42970768-7fdb-4569-aec3-bbf48805c3d0,"#N/A","#N/A","#N/A","#N/A","#N/A","#N/A","#N/A","#N/A",Sekh,"#N/A","#N/A",Hasina,"#N/A","#N/A","#N/A","#N/A","#N/A","#N/A","#N/A","#N/A","#N/A","#N/A","#N/A","#N/A","#N/A","#N/A","#N/A","#N/A","#N/A","#N/A","#N/A","#N/A","#N/A","#N/A"
1899d3bd-9a95-4120-a421-39df34e2a44b,e7c480c7-bd2e-404f-b044-ec97fdd98937,"#N/A","#N/A","#N/A","#N/A","#N/A","#N/A","#N/A","#N/A",vishnu,"#N/A","#N/A",sharma,"#N/A","#N/A","#N/A","#N/A","#N/A","#N/A","#N/A","#N/A","#N/A","#N/A","#N/A","#N/A","#N/A","#N/A","#N/A","#N/A","#N/A","#N/A","#N/A","#N/A",Mr.,"#N/A"
1b28fe03-1905-4a83-808b-31367d70d1be,ab76cce1-f9eb-4077-9458-b60e2d8b57d7,"#N/A","#N/A","#N/A","#N/A","#N/A","#N/A","#N/A","#N/A",vishal,"#N/A","#N/A",Sharma,"#N/A","#N/A","#N/A","#N/A","#N/A","#N/A","#N/A","#N/A","#N/A","#N/A","#N/A","#N/A","#N/A","#N/A","#N/A","#N/A","#N/A","#N/A","#N/A","#N/A",Mr.,"#N/A"
1e3ae180-e64d-4365-8a56-b490945d2d84,a9ff35fb-c2ca-428c-940e-0e4f1ca1c82e,"#N/A","#N/A","#N/A","#N/A","#N/A","#N/A","#N/A","#N/A",vishnu,"#N/A","#N/A",sharma,"#N/A","#N/A","#N/A","#N/A","#N/A","#N/A","#N/A","#N/A","#N/A","#N/A","#N/A","#N/A","#N/A","#N/A","#N/A","#N/A","#N/A","#N/A","#N/A","#N/A",Mr.,"#N/A"
211bc5a1-f872-40a1-9546-230edf58dab3,58561751-15dc-4a67-8931-ffb24a2aceda,"#N/A","#N/A","#N/A","#N/A","#N/A","#N/A","#N/A","#N/A",Rakesh,"#N/A","#N/A",Singh,"#N/A","#N/A","#N/A","#N/A","#N/A","#N/A","#N/A","#N/A","#N/A","#N/A","#N/A","#N/A","#N/A","#N/A","#N/A","#N/A","#N/A","#N/A","#N/A","#N/A","#N/A","#N/A"
2328d45c-cb7c-43c9-a6e9-f1aa7e1f7645,"#N/A","#N/A","#N/A","#N/A","#N/A","#N/A","#N/A","#N/A","#N/A",Vishnu,"#N/A","#N/A",Sharma,"#N/A","#N/A","#N/A","#N/A","#N/A","#N/A","#N/A","#N/A","#N/A",44,"#N/A","#N/A","#N/A","#N/A","#N/A","#N/A","#N/A","#N/A","#N/A","#N/A",Mr.,"#N/A"
27f7a336-5159-4c25-ae21-8233d09a6d42,8caa4ca0-5255-4c22-ba5e-88d53423d475,"#N/A","#N/A","#N/A","#N/A","#N/A","#N/A","#N/A","#N/A",Jacob,"#N/A","#N/A",Sam,"#N/A","#N/A","#N/A","#N/A","#N/A","#N/A","#N/A","#N/A","#N/A","#N/A","#N/A","#N/A","#N/A","#N/A","#N/A","#N/A","#N/A","#N/A","#N/A","#N/A","#N/A","#N/A"
28bbf708-39ae-4ed7-981d-61ebcff1c061,b6db3710-3d52-4987-ba7c-b18de298a2ce,"#N/A","#N/A","#N/A","#N/A","#N/A","#N/A","#N/A","#N/A",vishnu,"#N/A","#N/A",sharma,"#N/A","#N/A","#N/A","#N/A","#N/A","#N/A","#N/A","#N/A","#N/A","#N/A","#N/A","#N/A","#N/A","#N/A","#N/A","#N/A","#N/A","#N/A","#N/A","#N/A",Mr.,"#N/A"
2e9a19cb-5c97-4f6e-809d-75423b2ba6da,d0a1256a-5bf8-4c38-8090-9ec2524ea7ee,"#N/A","#N/A","#N/A","#N/A","#N/A","#N/A","#N/A","#N/A",Rinku,"#N/A","#N/A",Sharma,"#N/A","#N/A","#N/A","#N/A","#N/A","#N/A","#N/A","#N/A","#N/A","#N/A","#N/A","#N/A","#N/A","#N/A","#N/A","#N/A","#N/A","#N/A","#N/A","#N/A","#N/A","#N/A"
30def365-59f8-49f5-8b39-63b5aadfed10,10ea5c9e-c072-423a-95bd-5caed7191a1b,"#N/A","#N/A","#N/A","#N/A","#N/A","#N/A","#N/A","#N/A",Rinku,"#N/A","#N/A",Sharma,"#N/A","#N/A","#N/A","#N/A","#N/A","#N/A","#N/A","#N/A","#N/A","#N/A","#N/A","#N/A","#N/A","#N/A","#N/A","#N/A","#N/A","#N/A","#N/A","#N/A","#N/A","#N/A"
30e286b5-d7b0-43df-a8fc-f2d134015894,2c242766-7069-4954-9190-013cbebe199b,"#N/A","#N/A","#N/A","#N/A","#N/A","#N/A","#N/A","#N/A",Mohan,"#N/A","#N/A",singh,"#N/A","#N/A","#N/A","#N/A","#N/A","#N/A","#N/A","#N/A","#N/A","#N/A","#N/A","#N/A","#N/A","#N/A","#N/A","#N/A","#N/A","#N/A","#N/A","#N/A","#N/A","#N/A"
316a46b7-8d74-48cc-9ae1-5a4671bf842b,cd0fa738-dced-4a15-bdd9-398f699ba337,"#N/A","#N/A","#N/A","#N/A","#N/A","#N/A","#N/A","#N/A",Umesh,"#N/A","#N/A",sharma,"#N/A","#N/A","#N/A","#N/A","#N/A","#N/A","#N/A","#N/A","#N/A","#N/A","#N/A","#N/A","#N/A","#N/A","#N/A","#N/A","#N/A","#N/A","#N/A","#N/A","#N/A","#N/A"
31ef2451-8a3d-4c20-aa2b-946c9cdcba84,322c1df3-81d5-4775-8b97-6576c7361d46,"#N/A","#N/A","#N/A","#N/A","#N/A","#N/A","#N/A","#N/A",vishal,"#N/A","#N/A",Sharma,"#N/A","#N/A","#N/A","#N/A","#N/A","#N/A","#N/A","#N/A","#N/A","#N/A","#N/A","#N/A","#N/A","#N/A","#N/A","#N/A","#N/A","#N/A","#N/A","#N/A",Mr.,"#N/A"
3583d53d-10ef-4a1a-b780-7eca97f056f1,15218ebf-754e-4035-9591-63a0532f5832,"#N/A","#N/A","#N/A","#N/A","#N/A","#N/A","#N/A","#N/A",Rakesh,"#N/A","#N/A",Singh,"#N/A","#N/A","#N/A","#N/A","#N/A","#N/A","#N/A","#N/A","#N/A","#N/A","#N/A","#N/A","#N/A","#N/A","#N/A","#N/A","#N/A","#N/A","#N/A","#N/A","#N/A","#N/A"
38c2c239-baeb-4c44-aa7d-682a999ba896,41e69110-b4f0-4429-9c87-bfa32e756473,"#N/A","#N/A","#N/A","#N/A","#N/A","#N/A","#N/A","#N/A",Sekh,"#N/A","#N/A",Hasina,"#N/A","#N/A","#N/A","#N/A","#N/A","#N/A","#N/A","#N/A","#N/A","#N/A","#N/A","#N/A","#N/A","#N/A","#N/A","#N/A","#N/A","#N/A","#N/A","#N/A","#N/A","#N/A"
3a43e1f4-d513-472d-9af2-0ddace599b75,476576ac-5b0e-449a-87e3-2456b747b66a,"#N/A","#N/A","#N/A","#N/A","#N/A","#N/A","#N/A","#N/A",Rakesh,"#N/A","#N/A",Singh,"#N/A","#N/A","#N/A","#N/A","#N/A","#N/A","#N/A","#N/A","#N/A","#N/A","#N/A","#N/A","#N/A","#N/A","#N/A","#N/A","#N/A","#N/A","#N/A","#N/A","#N/A","#N/A"
3bcd54f5-e349-483b-a357-55b32a03e939,3c8799c9-cd54-4c89-99e2-4a7d326e7756,"#N/A","#N/A","#N/A","#N/A","#N/A","#N/A","#N/A","#N/A",vishal,"#N/A","#N/A",Sharma,"#N/A","#N/A","#N/A","#N/A","#N/A","#N/A","#N/A","#N/A","#N/A","#N/A","#N/A","#N/A","#N/A","#N/A","#N/A","#N/A","#N/A","#N/A","#N/A","#N/A",Mr.,"#N/A"
3cd2ab54-7a4d-474e-9443-29c2f3ffbe68,"#N/A","#N/A","#N/A","#N/A","#N/A","#N/A","#N/A","#N/A","#N/A",Vikash,"#N/A","#N/A",Sharma,"#N/A","#N/A","#N/A","#N/A","#N/A","#N/A","#N/A","#N/A","#N/A","#N/A","#N/A","#N/A","#N/A","#N/A","#N/A","#N/A","#N/A","#N/A","#N/A","#N/A",Mr.,"#N/A"
3d58d597-ec20-4338-b639-8e4b06cb3ec8,"#N/A","#N/A","#N/A","#N/A","#N/A","#N/A","#N/A","#N/A","#N/A",vishnu,"#N/A","#N/A",sharma,"#N/A","#N/A","#N/A","#N/A","#N/A","#N/A","#N/A","#N/A","#N/A","#N/A","#N/A","#N/A","#N/A","#N/A","#N/A","#N/A","#N/A","#N/A","#N/A","#N/A",Mr.,"#N/A"
3f6ba000-d370-47d1-84ec-67e7ab004ac2,da6f21ac-05fa-4eea-85e0-b880aed375c7,"#N/A","#N/A","#N/A","#N/A","#N/A","#N/A","#N/A","#N/A",vishnu,"#N/A","#N/A",sharma,"#N/A","#N/A","#N/A","#N/A","#N/A","#N/A","#N/A","#N/A","#N/A","#N/A","#N/A","#N/A","#N/A","#N/A","#N/A","#N/A","#N/A","#N/A","#N/A","#N/A",Mr.,"#N/A"
413ad661-5a23-4acc-ba19-306e5574b5af,666d8785-e502-4ccf-8a1d-3e49f399ef91,"#N/A","#N/A","#N/A","#N/A","#N/A","#N/A","#N/A","#N/A",Sekh,"#N/A","#N/A",Hasina,"#N/A","#N/A","#N/A","#N/A","#N/A","#N/A","#N/A","#N/A","#N/A","#N/A","#N/A","#N/A","#N/A","#N/A","#N/A","#N/A","#N/A","#N/A","#N/A","#N/A","#N/A","#N/A"
4171b692-7a63-4207-82bd-1965bc1c1c90,c31a69c1-2aa4-49c5-a62f-dd1d079bf9d5,"#N/A","#N/A","#N/A","#N/A","#N/A","#N/A","#N/A","#N/A",Roshan,"#N/A","#N/A",sharma,"#N/A","#N/A","#N/A","#N/A","#N/A","#N/A","#N/A","#N/A","#N/A","#N/A","#N/A","#N/A","#N/A","#N/A","#N/A","#N/A","#N/A","#N/A","#N/A","#N/A","#N/A","#N/A"
41b93512-ba50-48cc-a802-a4938c287129,4cfb5ce6-f9a1-460e-8d01-3acf2b25414d,"#N/A","#N/A","#N/A","#N/A","#N/A","#N/A","#N/A","#N/A",Rinku,"#N/A","#N/A",Sharma,"#N/A","#N/A","#N/A","#N/A","#N/A","#N/A","#N/A","#N/A","#N/A","#N/A","#N/A","#N/A","#N/A","#N/A","#N/A","#N/A","#N/A","#N/A","#N/A","#N/A","#N/A","#N/A"
42750f75-850a-4258-beb1-78e431aed3b5,ba783ea6-9635-4a6d-8901-25033207bf03,"#N/A","#N/A","#N/A","#N/A","#N/A","#N/A","#N/A","#N/A",Rinku,"#N/A","#N/A",Sharma,"#N/A","#N/A","#N/A","#N/A","#N/A","#N/A","#N/A","#N/A","#N/A","#N/A","#N/A","#N/A","#N/A","#N/A","#N/A","#N/A","#N/A","#N/A","#N/A","#N/A","#N/A","#N/A"
42c555af-1921-4a50-a777-8a2b2c945bd3,7b21ca31-9739-49a4-8177-e4ad89e0e8b0,"#N/A","#N/A","#N/A","#N/A","#N/A","#N/A","#N/A","#N/A",Rakesh,"#N/A","#N/A",Singh,"#N/A","#N/A","#N/A","#N/A","#N/A","#N/A","#N/A","#N/A","#N/A","#N/A","#N/A","#N/A","#N/A","#N/A","#N/A","#N/A","#N/A","#N/A","#N/A","#N/A","#N/A","#N/A"
4b73572c-d0ab-42bc-b1db-a131c88de425,8b2735a7-37e1-4e90-8230-274f2798e991,"#N/A","#N/A","#N/A","#N/A","#N/A","#N/A","#N/A","#N/A",Rinku,"#N/A","#N/A",Sharma,"#N/A","#N/A","#N/A","#N/A","#N/A","#N/A","#N/A","#N/A","#N/A","#N/A","#N/A","#N/A","#N/A","#N/A","#N/A","#N/A","#N/A","#N/A","#N/A","#N/A","#N/A","#N/A"
4f170cb1-2cb1-4cf7-a32b-f9b20f15e2d8,08bea4ef-3bfc-4234-94d3-8e80d7786ff2,"#N/A","#N/A","#N/A","#N/A","#N/A","#N/A","#N/A","#N/A",Mohan,"#N/A","#N/A",singh,"#N/A","#N/A","#N/A","#N/A","#N/A","#N/A","#N/A","#N/A","#N/A","#N/A","#N/A","#N/A","#N/A","#N/A","#N/A","#N/A","#N/A","#N/A","#N/A","#N/A","#N/A","#N/A"
4f48defe-989e-465e-a287-47ece81ae9b1,"#N/A","#N/A","#N/A","#N/A","#N/A","#N/A","#N/A","#N/A","#N/A",Hari,"#N/A","#N/A",Singh,"#N/A","#N/A","#N/A","#N/A","#N/A","#N/A","#N/A","#N/A","#N/A","#N/A","#N/A","#N/A","#N/A","#N/A","#N/A","#N/A","#N/A","#N/A","#N/A","#N/A","#N/A","#N/A"
4f5b46eb-6995-43f5-b524-c25a8178a43a,f1c4cc24-c52d-4788-8f84-3a5007a4c698,"#N/A","#N/A","#N/A","#N/A","#N/A","#N/A","#N/A","#N/A",Rinku,"#N/A","#N/A",Sharma,"#N/A","#N/A","#N/A","#N/A","#N/A","#N/A","#N/A","#N/A","#N/A","#N/A","#N/A","#N/A","#N/A","#N/A","#N/A","#N/A","#N/A","#N/A","#N/A","#N/A","#N/A","#N/A"
500115be-831c-40bf-a3c6-f4c2e6bc0bc0,41e69110-b4f0-4429-9c87-bfa32e756473,"#N/A","#N/A","#N/A","#N/A","#N/A","#N/A","#N/A","#N/A",Mohan,"#N/A","#N/A",singh,"#N/A","#N/A","#N/A","#N/A","#N/A","#N/A","#N/A","#N/A","#N/A","#N/A","#N/A","#N/A","#N/A","#N/A","#N/A","#N/A","#N/A","#N/A","#N/A","#N/A","#N/A","#N/A"
5317cf46-4b5c-45de-8852-680ba05ea0a8,adb96463-51cd-4b88-a597-29a3e61e5493,"#N/A","#N/A","#N/A","#N/A","#N/A","#N/A","#N/A","#N/A",Rinku,"#N/A","#N/A",Sharma,"#N/A","#N/A","#N/A","#N/A","#N/A","#N/A","#N/A","#N/A","#N/A","#N/A","#N/A","#N/A","#N/A","#N/A","#N/A","#N/A","#N/A","#N/A","#N/A","#N/A","#N/A","#N/A"
53c6f450-ef19-41f9-8e3b-6859aa0b443f,"#N/A","#N/A","#N/A","#N/A","#N/A","#N/A","#N/A","#N/A","#N/A",Vishnu,"#N/A","#N/A",Sharma,"#N/A","#N/A","#N/A","#N/A","#N/A","#N/A","#N/A","#N/A","#N/A",44,"#N/A","#N/A","#N/A","#N/A","#N/A","#N/A","#N/A","#N/A","#N/A","#N/A",Mr.,"#N/A"
569f6f25-87c7-4555-ab57-35de630d3ee5,f8206386-9804-4a69-8241-4daef32b9079,"#N/A","#N/A","#N/A","#N/A","#N/A","#N/A","#N/A","#N/A",vishal,"#N/A","#N/A",Sharma,"#N/A","#N/A","#N/A","#N/A","#N/A","#N/A","#N/A","#N/A","#N/A","#N/A","#N/A","#N/A","#N/A","#N/A","#N/A","#N/A","#N/A","#N/A","#N/A","#N/A",Mr.,"#N/A"
56d83a1f-3d7d-4cbf-a8fe-7377fd7fe5e8,"#N/A","#N/A","#N/A","#N/A","#N/A","#N/A","#N/A","#N/A","#N/A",Rakesh,"#N/A","#N/A",Singh,"#N/A","#N/A","#N/A","#N/A","#N/A","#N/A","#N/A","#N/A","#N/A","#N/A","#N/A","#N/A","#N/A","#N/A","#N/A","#N/A","#N/A","#N/A","#N/A","#N/A","#N/A","#N/A"
572d6716-f7e8-4cfb-b42a-ab554f346485,"#N/A","#N/A","#N/A","#N/A","#N/A","#N/A","#N/A","#N/A","#N/A",vishal,"#N/A","#N/A",Sharma,"#N/A","#N/A","#N/A","#N/A","#N/A","#N/A","#N/A","#N/A","#N/A","#N/A","#N/A","#N/A","#N/A","#N/A","#N/A","#N/A","#N/A","#N/A","#N/A","#N/A",Mr.,"#N/A"
598a98a5-f5ae-4756-abc8-f0f63ce4b224,c540b95c-4969-4915-87fe-9cf411ddb272,"#N/A","#N/A","#N/A","#N/A","#N/A","#N/A","#N/A","#N/A",Rakesh,"#N/A","#N/A",Singh,"#N/A","#N/A","#N/A","#N/A","#N/A","#N/A","#N/A","#N/A","#N/A","#N/A","#N/A","#N/A","#N/A","#N/A","#N/A","#N/A","#N/A","#N/A","#N/A","#N/A","#N/A","#N/A"
5abd3961-0e59-45ab-b81d-6fcb236bcb42,"#N/A","#N/A","#N/A","#N/A","#N/A","#N/A","#N/A","#N/A","#N/A",Vikash,"#N/A","#N/A",Sharma,"#N/A","#N/A","#N/A","#N/A","#N/A","#N/A","#N/A","#N/A","#N/A","#N/A","#N/A","#N/A","#N/A","#N/A","#N/A","#N/A","#N/A","#N/A","#N/A","#N/A",Mr.,"#N/A"
5d37d9c6-9c38-4d75-919f-7b4e298337cb,e750c730-34ee-4a1f-87c0-694320a8afc2,"#N/A","#N/A","#N/A","#N/A","#N/A","#N/A","#N/A","#N/A",Roshan,"#N/A","#N/A",sharma,"#N/A","#N/A","#N/A","#N/A","#N/A","#N/A","#N/A","#N/A","#N/A","#N/A","#N/A","#N/A","#N/A","#N/A","#N/A","#N/A","#N/A","#N/A","#N/A","#N/A","#N/A","#N/A"
5d3b8c97-77e6-4161-b20b-45991600b9dd,"#N/A","#N/A","#N/A","#N/A","#N/A","#N/A","#N/A","#N/A","#N/A",Vishnu,"#N/A","#N/A",Sharma,"#N/A","#N/A","#N/A","#N/A","#N/A","#N/A","#N/A","#N/A","#N/A",44,"#N/A","#N/A","#N/A","#N/A","#N/A","#N/A","#N/A","#N/A","#N/A","#N/A",Mr.,"#N/A"
60414c98-a59e-4105-9818-491c7a63607f,"#N/A","#N/A","#N/A","#N/A","#N/A","#N/A","#N/A","#N/A","#N/A",Rinku,"#N/A","#N/A",Sharma,"#N/A","#N/A","#N/A","#N/A","#N/A","#N/A","#N/A","#N/A","#N/A","#N/A","#N/A","#N/A","#N/A","#N/A","#N/A","#N/A","#N/A","#N/A","#N/A","#N/A","#N/A","#N/A"
605b42ce-ad2c-4f68-bd5e-82f882f2dc3b,fa7c5359-960c-49a2-bfcd-1fb75bbd0201,"#N/A","#N/A","#N/A","#N/A","#N/A","#N/A","#N/A","#N/A",Mohan,"#N/A","#N/A",singh,"#N/A","#N/A","#N/A","#N/A","#N/A","#N/A","#N/A","#N/A","#N/A","#N/A","#N/A","#N/A","#N/A","#N/A","#N/A","#N/A","#N/A","#N/A","#N/A","#N/A","#N/A","#N/A"
6259aa46-2afe-4f9b-ab3e-891eb4bfc377,3d4057d3-0658-48a9-90f3-b388933c39d3,"#N/A","#N/A","#N/A","#N/A","#N/A","#N/A","#N/A","#N/A",Sekh,"#N/A","#N/A",Hasina,"#N/A","#N/A","#N/A","#N/A","#N/A","#N/A","#N/A","#N/A","#N/A","#N/A","#N/A","#N/A","#N/A","#N/A","#N/A","#N/A","#N/A","#N/A","#N/A","#N/A","#N/A","#N/A"
631a4533-bbfe-475c-b21c-b10254282f54,c9fccf77-380b-48b8-be21-0228e0324829,"#N/A","#N/A","#N/A","#N/A","#N/A","#N/A","#N/A","#N/A",vishal,"#N/A","#N/A",Sharma,"#N/A","#N/A","#N/A","#N/A","#N/A","#N/A","#N/A","#N/A","#N/A","#N/A","#N/A","#N/A","#N/A","#N/A","#N/A","#N/A","#N/A","#N/A","#N/A","#N/A",Mr.,"#N/A"
64e9fdeb-2411-45b3-b0b4-6a0d5ddb33c8,88b741ca-caae-4d22-a392-4f8c822c6e0e,"#N/A","#N/A","#N/A","#N/A","#N/A","#N/A","#N/A","#N/A",Roshan,"#N/A","#N/A",sharma,"#N/A","#N/A","#N/A","#N/A","#N/A","#N/A","#N/A","#N/A","#N/A","#N/A","#N/A","#N/A","#N/A","#N/A","#N/A","#N/A","#N/A","#N/A","#N/A","#N/A","#N/A","#N/A"
67766f09-bd9f-4328-82ad-f96ac17fb64f,14580c6e-58eb-4454-925a-c52a734939df,"#N/A","#N/A","#N/A","#N/A","#N/A","#N/A","#N/A","#N/A",Rinku,"#N/A","#N/A",Sharma,"#N/A","#N/A","#N/A","#N/A","#N/A","#N/A","#N/A","#N/A","#N/A","#N/A","#N/A","#N/A","#N/A","#N/A","#N/A","#N/A","#N/A","#N/A","#N/A","#N/A","#N/A","#N/A"
68f925d8-9aea-413e-bddd-dd053d669dce,de144319-cc78-47e2-ac8b-fe0b0941f648,"#N/A","#N/A","#N/A","#N/A","#N/A","#N/A","#N/A","#N/A",Roshan,"#N/A","#N/A",sharma,"#N/A","#N/A","#N/A","#N/A","#N/A","#N/A","#N/A","#N/A","#N/A","#N/A","#N/A","#N/A","#N/A","#N/A","#N/A","#N/A","#N/A","#N/A","#N/A","#N/A","#N/A","#N/A"
691dadfc-a308-418e-82c9-9086ed373b75,"#N/A","#N/A","#N/A","#N/A","#N/A","#N/A","#N/A","#N/A","#N/A",Hari,"#N/A","#N/A",Singh,"#N/A","#N/A","#N/A","#N/A","#N/A","#N/A","#N/A","#N/A","#N/A","#N/A","#N/A","#N/A","#N/A","#N/A","#N/A","#N/A","#N/A","#N/A","#N/A","#N/A","#N/A","#N/A"
6a01cb08-7e0d-4b8a-bbae-ef65d262b619,a3d387a0-7278-4a77-85c3-8b454a9a1d34,"#N/A","#N/A","#N/A","#N/A","#N/A","#N/A","#N/A","#N/A",Mohan,"#N/A","#N/A",singh,"#N/A","#N/A","#N/A","#N/A","#N/A","#N/A","#N/A","#N/A","#N/A","#N/A","#N/A","#N/A","#N/A","#N/A","#N/A","#N/A","#N/A","#N/A","#N/A","#N/A","#N/A","#N/A"
6b98114e-ef5c-4584-94b6-0efefb8758df,7405ef5a-d653-4b56-95c5-2565e49a7878,"#N/A","#N/A","#N/A","#N/A","#N/A","#N/A","#N/A","#N/A",Rakesh,"#N/A","#N/A",Singh,"#N/A","#N/A","#N/A","#N/A","#N/A","#N/A","#N/A","#N/A","#N/A","#N/A","#N/A","#N/A","#N/A","#N/A","#N/A","#N/A","#N/A","#N/A","#N/A","#N/A","#N/A","#N/A"
70bb04e5-22dc-471a-89d7-970b45c835af,3719d46a-2a3d-440b-9c2d-9c84c738dca9,"#N/A","#N/A","#N/A","#N/A","#N/A","#N/A","#N/A","#N/A",vishal,"#N/A","#N/A",Sharma,"#N/A","#N/A","#N/A","#N/A","#N/A","#N/A","#N/A","#N/A","#N/A","#N/A","#N/A","#N/A","#N/A","#N/A","#N/A","#N/A","#N/A","#N/A","#N/A","#N/A",Mr.,"#N/A"
71d2f414-67f6-4724-b3d4-6332f83a914a,1c363d2f-5198-40d5-a510-74f1da4d51f4,"#N/A","#N/A","#N/A","#N/A","#N/A","#N/A","#N/A","#N/A",vishnu,"#N/A","#N/A",sharma,"#N/A","#N/A","#N/A","#N/A","#N/A","#N/A","#N/A","#N/A","#N/A","#N/A","#N/A","#N/A","#N/A","#N/A","#N/A","#N/A","#N/A","#N/A","#N/A","#N/A",Mr.,"#N/A"
728396bf-50fa-4e67-84a9-2559df86f51a,"#N/A","#N/A","#N/A","#N/A","#N/A","#N/A","#N/A","#N/A","#N/A",Nikesh,"#N/A","#N/A",sharma,"#N/A","#N/A","#N/A","#N/A","#N/A","#N/A","#N/A","#N/A","#N/A",5845588,"#N/A","#N/A","#N/A","#N/A","#N/A","#N/A","#N/A","#N/A","#N/A","#N/A","#N/A","#N/A"
73d78ff9-3290-43bb-b4d6-05fd723564c1,95fa4b89-2f2a-424c-bbe9-bb02b3615f34,"#N/A","#N/A","#N/A","#N/A","#N/A","#N/A","#N/A","#N/A",Roshan,"#N/A","#N/A",sharma,"#N/A","#N/A","#N/A","#N/A","#N/A","#N/A","#N/A","#N/A","#N/A","#N/A","#N/A","#N/A","#N/A","#N/A","#N/A","#N/A","#N/A","#N/A","#N/A","#N/A","#N/A","#N/A"
740a6a19-afd5-420f-9244-a577fe4047a3,e6a8f074-8e7f-45d2-9154-6efb5598cb00,"#N/A","#N/A","#N/A","#N/A","#N/A","#N/A","#N/A","#N/A",Roshan,"#N/A","#N/A",sharma,"#N/A","#N/A","#N/A","#N/A","#N/A","#N/A","#N/A","#N/A","#N/A","#N/A","#N/A","#N/A","#N/A","#N/A","#N/A","#N/A","#N/A","#N/A","#N/A","#N/A","#N/A","#N/A"
742cdf28-f722-4841-9d83-44ecebad51c0,"#N/A","#N/A","#N/A","#N/A","#N/A","#N/A","#N/A","#N/A","#N/A",Rinku,"#N/A","#N/A",Sharma,"#N/A","#N/A","#N/A","#N/A","#N/A","#N/A","#N/A","#N/A","#N/A","#N/A","#N/A","#N/A","#N/A","#N/A","#N/A","#N/A","#N/A","#N/A","#N/A","#N/A","#N/A","#N/A"
76da3834-abda-42bd-bc5b-a6fc81379f21,52545baa-58b3-4860-8b88-b8f4eb6a3404,"#N/A","#N/A","#N/A","#N/A","#N/A","#N/A","#N/A","#N/A",vishnu,"#N/A","#N/A",sharma,"#N/A","#N/A","#N/A","#N/A","#N/A","#N/A","#N/A","#N/A","#N/A","#N/A","#N/A","#N/A","#N/A","#N/A","#N/A","#N/A","#N/A","#N/A","#N/A","#N/A",Mr.,"#N/A"
79a12c3e-0b98-440f-b0de-aaaa9a912e66,666d8785-e502-4ccf-8a1d-3e49f399ef91,"#N/A","#N/A","#N/A","#N/A","#N/A","#N/A","#N/A","#N/A",Mohan,"#N/A","#N/A",singh,"#N/A","#N/A","#N/A","#N/A","#N/A","#N/A","#N/A","#N/A","#N/A","#N/A","#N/A","#N/A","#N/A","#N/A","#N/A","#N/A","#N/A","#N/A","#N/A","#N/A","#N/A","#N/A"
7bdef80e-d3e7-4882-8386-01e35e1155be,b4ea8ef8-5f68-472d-ac32-0fe734e7d0e7,"#N/A","#N/A","#N/A","#N/A","#N/A","#N/A","#N/A","#N/A",Roshan,"#N/A","#N/A",sharma,"#N/A","#N/A","#N/A","#N/A","#N/A","#N/A","#N/A","#N/A","#N/A","#N/A","#N/A","#N/A","#N/A","#N/A","#N/A","#N/A","#N/A","#N/A","#N/A","#N/A","#N/A","#N/A"
802f7470-4448-4f54-9a2e-7dad5f492cd8,aa2a7220-b0ca-4bc3-8f01-30e36603bb8b,"#N/A","#N/A","#N/A","#N/A","#N/A","#N/A","#N/A","#N/A",vishal,"#N/A","#N/A",Sharma,"#N/A","#N/A","#N/A","#N/A","#N/A","#N/A","#N/A","#N/A","#N/A","#N/A","#N/A","#N/A","#N/A","#N/A","#N/A","#N/A","#N/A","#N/A","#N/A","#N/A",Mr.,"#N/A"
81e79c6d-22b2-4a49-9b20-b6581580f783,b5d2d50d-a44a-4dc6-8c53-26182e466b7a,"#N/A","#N/A","#N/A","#N/A","#N/A","#N/A","#N/A","#N/A",Mohan,"#N/A","#N/A",singh,"#N/A","#N/A","#N/A","#N/A","#N/A","#N/A","#N/A","#N/A","#N/A","#N/A","#N/A","#N/A","#N/A","#N/A","#N/A","#N/A","#N/A","#N/A","#N/A","#N/A","#N/A","#N/A"
872bd580-e1f3-45b8-972c-9069b8a80f3e,5c197de9-0856-4961-a240-cd0b7594bd13,"#N/A","#N/A","#N/A","#N/A","#N/A","#N/A","#N/A","#N/A",Rakesh,"#N/A","#N/A",Singh,"#N/A","#N/A","#N/A","#N/A","#N/A","#N/A","#N/A","#N/A","#N/A","#N/A","#N/A","#N/A","#N/A","#N/A","#N/A","#N/A","#N/A","#N/A","#N/A","#N/A","#N/A","#N/A"
8a5e7318-689f-4bb5-b13f-018a84102d25,6d1f3216-3458-4fb4-abb2-1c1e1e48374f,"#N/A","#N/A","#N/A","#N/A","#N/A","#N/A","#N/A","#N/A",vishnu,"#N/A","#N/A",sharma,"#N/A","#N/A","#N/A","#N/A","#N/A","#N/A","#N/A","#N/A","#N/A","#N/A","#N/A","#N/A","#N/A","#N/A","#N/A","#N/A","#N/A","#N/A","#N/A","#N/A",Mr.,"#N/A"
8bff0ac9-8689-45a6-be69-4f91537625c7,"#N/A","#N/A","#N/A","#N/A","#N/A","#N/A","#N/A","#N/A","#N/A",vishal,"#N/A","#N/A",Sharma,"#N/A","#N/A","#N/A","#N/A","#N/A","#N/A","#N/A","#N/A","#N/A","#N/A","#N/A","#N/A","#N/A","#N/A","#N/A","#N/A","#N/A","#N/A","#N/A","#N/A",Mr.,"#N/A"
90d2ad3d-cbad-4e1c-bd94-c888050b1049,6a9d69eb-4c50-444e-80d7-628ba25de030,"#N/A","#N/A","#N/A","#N/A","#N/A","#N/A","#N/A","#N/A",vishnu,"#N/A","#N/A",sharma,"#N/A","#N/A","#N/A","#N/A","#N/A","#N/A","#N/A","#N/A","#N/A","#N/A","#N/A","#N/A","#N/A","#N/A","#N/A","#N/A","#N/A","#N/A","#N/A","#N/A",Mr.,"#N/A"
945772bd-3551-4e68-a890-cc3cdf626646,835be7eb-9682-4c41-bef3-f40a1d33721c,"#N/A","#N/A","#N/A","#N/A","#N/A","#N/A","#N/A","#N/A",Roshan,"#N/A","#N/A",sharma,"#N/A","#N/A","#N/A","#N/A","#N/A","#N/A","#N/A","#N/A","#N/A","#N/A","#N/A","#N/A","#N/A","#N/A","#N/A","#N/A","#N/A","#N/A","#N/A","#N/A","#N/A","#N/A"
9571d2fd-21db-41d1-b1db-cf788bfe5e7b,"#N/A","#N/A","#N/A","#N/A","#N/A","#N/A","#N/A","#N/A","#N/A",Mohan,"#N/A","#N/A",singh,"#N/A","#N/A","#N/A","#N/A","#N/A","#N/A","#N/A","#N/A","#N/A","#N/A","#N/A","#N/A","#N/A","#N/A","#N/A","#N/A","#N/A","#N/A","#N/A","#N/A","#N/A","#N/A"
9d8ddbb5-e64c-49c3-b859-7860a686df6a,c87f6c65-8bc4-48be-b5fd-f0d2630a6f0c,"#N/A","#N/A","#N/A","#N/A","#N/A","#N/A","#N/A","#N/A",Sekh,"#N/A","#N/A",Hasina,"#N/A","#N/A","#N/A","#N/A","#N/A","#N/A","#N/A","#N/A","#N/A","#N/A","#N/A","#N/A","#N/A","#N/A","#N/A","#N/A","#N/A","#N/A","#N/A","#N/A","#N/A","#N/A"
a1ad8b6d-fc79-45f9-869d-dc6917c05ecb,fa7c5359-960c-49a2-bfcd-1fb75bbd0201,"#N/A","#N/A","#N/A","#N/A","#N/A","#N/A","#N/A","#N/A",Sekh,"#N/A","#N/A",Hasina,"#N/A","#N/A","#N/A","#N/A","#N/A","#N/A","#N/A","#N/A","#N/A","#N/A","#N/A","#N/A","#N/A","#N/A","#N/A","#N/A","#N/A","#N/A","#N/A","#N/A","#N/A","#N/A"
a324f8c0-6c3d-491e-b03f-e0cbb3999c46,71c5cca4-076c-4ed6-8abc-3d3bfbcb78f6,"#N/A","#N/A","#N/A","#N/A","#N/A","#N/A","#N/A","#N/A",Rinku,"#N/A","#N/A",Sharma,"#N/A","#N/A","#N/A","#N/A","#N/A","#N/A","#N/A","#N/A","#N/A","#N/A","#N/A","#N/A","#N/A","#N/A","#N/A","#N/A","#N/A","#N/A","#N/A","#N/A","#N/A","#N/A"
a747b1c2-3914-456d-b9e7-a4260a6aaf13,2c242766-7069-4954-9190-013cbebe199b,"#N/A","#N/A","#N/A","#N/A","#N/A","#N/A","#N/A","#N/A",Sekh,"#N/A","#N/A",Hasina,"#N/A","#N/A","#N/A","#N/A","#N/A","#N/A","#N/A","#N/A","#N/A","#N/A","#N/A","#N/A","#N/A","#N/A","#N/A","#N/A","#N/A","#N/A","#N/A","#N/A","#N/A","#N/A"
a9bd2fc8-76b0-4d32-9e8d-009c6c4ae76f,61a064c7-c06d-4c98-ae47-3e8786054b03,"#N/A","#N/A","#N/A","#N/A","#N/A","#N/A","#N/A","#N/A",Roshan,"#N/A","#N/A",sharma,"#N/A","#N/A","#N/A","#N/A","#N/A","#N/A","#N/A","#N/A","#N/A","#N/A","#N/A","#N/A","#N/A","#N/A","#N/A","#N/A","#N/A","#N/A","#N/A","#N/A","#N/A","#N/A"
ac0d63bd-1cae-4a9f-8500-eed8ddac2d91,1997f87d-a3f6-4a3e-9f63-cd6b3cfaa39e,"#N/A","#N/A","#N/A","#N/A","#N/A","#N/A","#N/A","#N/A",Rakesh,"#N/A","#N/A",Singh,"#N/A","#N/A","#N/A","#N/A","#N/A","#N/A","#N/A","#N/A","#N/A","#N/A","#N/A","#N/A","#N/A","#N/A","#N/A","#N/A","#N/A","#N/A","#N/A","#N/A","#N/A","#N/A"
af2c54da-b904-419e-97e1-f4bb3ed2d5c7,"#N/A","#N/A","#N/A","#N/A","#N/A","#N/A","#N/A","#N/A","#N/A",Vishnu,"#N/A","#N/A",Sharma,"#N/A","#N/A","#N/A","#N/A","#N/A","#N/A","#N/A","#N/A","#N/A",44,"#N/A","#N/A","#N/A","#N/A","#N/A","#N/A","#N/A","#N/A","#N/A","#N/A",Mr.,"#N/A"
b2364449-14e9-441c-926a-f0ecd8fa0755,13ab6b27-23d7-483f-a4d6-5129d18c229f,"#N/A","#N/A","#N/A","#N/A","#N/A","#N/A","#N/A","#N/A",Rakesh,"#N/A","#N/A",Singh,"#N/A","#N/A","#N/A","#N/A","#N/A","#N/A","#N/A","#N/A","#N/A","#N/A","#N/A","#N/A","#N/A","#N/A","#N/A","#N/A","#N/A","#N/A","#N/A","#N/A","#N/A","#N/A"
b526d718-3a50-4d30-b404-e9d85994e586,"#N/A","#N/A","#N/A","#N/A","#N/A","#N/A","#N/A","#N/A","#N/A",Vikash,"#N/A","#N/A",Sharma,"#N/A","#N/A","#N/A","#N/A","#N/A","#N/A","#N/A","#N/A","#N/A","#N/A","#N/A","#N/A","#N/A","#N/A","#N/A","#N/A","#N/A","#N/A","#N/A","#N/A",Mr.,"#N/A"
b6a39e47-3fbe-40df-b735-a0059f26fee0,c8edc3cf-03d0-405c-95f2-e6916b74db7e,"#N/A","#N/A","#N/A","#N/A","#N/A","#N/A","#N/A","#N/A",Mohan,"#N/A","#N/A",singh,"#N/A","#N/A","#N/A","#N/A","#N/A","#N/A","#N/A","#N/A","#N/A","#N/A","#N/A","#N/A","#N/A","#N/A","#N/A","#N/A","#N/A","#N/A","#N/A","#N/A","#N/A","#N/A"
b6c8e974-0325-4130-94da-fdb1a137b088,a3d387a0-7278-4a77-85c3-8b454a9a1d34,"#N/A","#N/A","#N/A","#N/A","#N/A","#N/A","#N/A","#N/A",Sekh,"#N/A","#N/A",Hasina,"#N/A","#N/A","#N/A","#N/A","#N/A","#N/A","#N/A","#N/A","#N/A","#N/A","#N/A","#N/A","#N/A","#N/A","#N/A","#N/A","#N/A","#N/A","#N/A","#N/A","#N/A","#N/A"
b84deefd-7b8d-4e35-88da-b2dc572a6068,"#N/A","#N/A","#N/A","#N/A","#N/A","#N/A","#N/A","#N/A","#N/A",Vikash,"#N/A","#N/A",Sharma,"#N/A","#N/A","#N/A","#N/A","#N/A","#N/A","#N/A","#N/A","#N/A","#N/A","#N/A","#N/A","#N/A","#N/A","#N/A","#N/A","#N/A","#N/A","#N/A","#N/A",Mr.,"#N/A"
b98e80d3-884e-435f-a4a6-1e2568c8cea5,"#N/A","#N/A","#N/A","#N/A","#N/A","#N/A","#N/A","#N/A","#N/A",Nikesh,"#N/A","#N/A",sharma,"#N/A","#N/A","#N/A","#N/A","#N/A","#N/A","#N/A","#N/A","#N/A",5845588,"#N/A","#N/A","#N/A","#N/A","#N/A","#N/A","#N/A","#N/A","#N/A","#N/A","#N/A","#N/A"
bbde7b5d-42f8-4114-b1ef-c60dd0675b76,"#N/A","#N/A","#N/A","#N/A","#N/A","#N/A","#N/A","#N/A","#N/A",Rakesh,"#N/A","#N/A",Singh,"#N/A","#N/A","#N/A","#N/A","#N/A","#N/A","#N/A","#N/A","#N/A","#N/A","#N/A","#N/A","#N/A","#N/A","#N/A","#N/A","#N/A","#N/A","#N/A","#N/A","#N/A","#N/A"
bbfec396-4fef-4c8e-9064-b07f5a043755,654b9fc6-2d10-4f4b-a7a8-f5047c7cf4c1,"#N/A","#N/A","#N/A","#N/A","#N/A","#N/A","#N/A","#N/A",Rinku,"#N/A","#N/A",Sharma,"#N/A","#N/A","#N/A","#N/A","#N/A","#N/A","#N/A","#N/A","#N/A","#N/A","#N/A","#N/A","#N/A","#N/A","#N/A","#N/A","#N/A","#N/A","#N/A","#N/A","#N/A","#N/A"
c2e4d4a8-067e-4680-85bb-8f6d2ef717f4,"#N/A","#N/A","#N/A","#N/A","#N/A","#N/A","#N/A","#N/A","#N/A",Nikesh,"#N/A","#N/A",sharma,"#N/A","#N/A","#N/A","#N/A","#N/A","#N/A","#N/A","#N/A","#N/A",5845588,"#N/A","#N/A","#N/A","#N/A","#N/A","#N/A","#N/A","#N/A","#N/A","#N/A","#N/A","#N/A"
c5a0b007-a221-4099-813c-1469761331f3,"#N/A",Test,564544545646,2020-10-13,Testdeoart,RestTestRestTestRestTestRestTestRestTestRestTest,vishnu@gmial.com,"#N/A",215165165564,Vishnu,656465456456456,"#N/A",Sharma,Advertisement,Jaipur,India,"#N/A","#N/A","#N/A",302020,rajasthan,Kalyan,(755) 456-8798,jaipur,bengal,"#N/A","#N/A","#N/A",565454545,302525,punjab,Test,(965) 325-6897,"#N/A",Manwild
c69af28f-936d-4be8-9e3d-212aad9dd5dd,4c4e7490-e0b6-427d-822c-f83b5a79f841,"#N/A","#N/A","#N/A","#N/A","#N/A","#N/A","#N/A","#N/A",vishal,"#N/A","#N/A",Sharma,"#N/A","#N/A","#N/A","#N/A","#N/A","#N/A","#N/A","#N/A","#N/A","#N/A","#N/A","#N/A","#N/A","#N/A","#N/A","#N/A","#N/A","#N/A","#N/A","#N/A",Mr.,"#N/A"
c8875c9d-157a-4a62-ab4e-897021a4af1c,ed3ab2c7-65da-476e-9211-65d512c8e5c3,"#N/A","#N/A","#N/A","#N/A","#N/A","#N/A","#N/A","#N/A",vishnu,"#N/A","#N/A",sharma,"#N/A","#N/A","#N/A","#N/A","#N/A","#N/A","#N/A","#N/A","#N/A","#N/A","#N/A","#N/A","#N/A","#N/A","#N/A","#N/A","#N/A","#N/A","#N/A","#N/A",Mr.,"#N/A"
cc4acfa5-3a16-4366-b98e-4c759a4bd35a,b1b43805-0178-4512-b8e9-a6f0a02ded4e,"#N/A","#N/A","#N/A","#N/A","#N/A","#N/A","#N/A","#N/A",vishal,"#N/A","#N/A",Sharma,"#N/A","#N/A","#N/A","#N/A","#N/A","#N/A","#N/A","#N/A","#N/A","#N/A","#N/A","#N/A","#N/A","#N/A","#N/A","#N/A","#N/A","#N/A","#N/A","#N/A",Mr.,"#N/A"
cd5d7364-6234-4205-9cbe-165b31c897b1,93f28a62-dd5d-4402-aa7f-c296c9b90090,"#N/A","#N/A","#N/A","#N/A","#N/A","#N/A","#N/A","#N/A",Mohan,"#N/A","#N/A",singh,"#N/A","#N/A","#N/A","#N/A","#N/A","#N/A","#N/A","#N/A","#N/A","#N/A","#N/A","#N/A","#N/A","#N/A","#N/A","#N/A","#N/A","#N/A","#N/A","#N/A","#N/A","#N/A"
d355a5de-865c-4976-8bea-e2380d393aa6,"#N/A","#N/A","#N/A","#N/A","#N/A","#N/A","#N/A","#N/A","#N/A",Roshan,"#N/A","#N/A",sharma,"#N/A","#N/A","#N/A","#N/A","#N/A","#N/A","#N/A","#N/A","#N/A","#N/A","#N/A","#N/A","#N/A","#N/A","#N/A","#N/A","#N/A","#N/A","#N/A","#N/A","#N/A","#N/A"
d3dcf087-c4d8-4eaa-ba85-d20f8e2e8a75,3a1acbc1-116f-4af2-89e7-7ab25d0c296e,"#N/A","#N/A","#N/A","#N/A","#N/A","#N/A","#N/A","#N/A",Rakesh,"#N/A","#N/A",Singh,"#N/A","#N/A","#N/A","#N/A","#N/A","#N/A","#N/A","#N/A","#N/A","#N/A","#N/A","#N/A","#N/A","#N/A","#N/A","#N/A","#N/A","#N/A","#N/A","#N/A","#N/A","#N/A"
d6cbadbd-0035-452d-b51a-c4a74d600192,0380831f-0b28-40fc-9170-da060211a01a,"#N/A","#N/A","#N/A","#N/A","#N/A","#N/A","#N/A","#N/A",Sekh,"#N/A","#N/A",Hasina,"#N/A","#N/A","#N/A","#N/A","#N/A","#N/A","#N/A","#N/A","#N/A","#N/A","#N/A","#N/A","#N/A","#N/A","#N/A","#N/A","#N/A","#N/A","#N/A","#N/A","#N/A","#N/A"
d7e8247d-3a92-49f5-9a26-ee02689941c7,2feaca3e-b413-4021-b6cc-62dc8fbd926c,"#N/A","#N/A","#N/A","#N/A","#N/A",wheels@me.com,"#N/A","#N/A","#N/A","#N/A","#N/A",Wheels,"#N/A","#N/A","#N/A","#N/A","#N/A","#N/A","#N/A","#N/A","#N/A","#N/A","#N/A","#N/A","#N/A","#N/A","#N/A","#N/A","#N/A","#N/A","#N/A",7775556666,"#N/A","#N/A"
d92e9c15-9665-4844-8771-871b1bf757c3,dcb7e445-4c9c-4d4c-8cf1-6532538749e1,"#N/A","#N/A","#N/A","#N/A","#N/A","#N/A","#N/A","#N/A",vishnu,"#N/A","#N/A",sharma,"#N/A","#N/A","#N/A","#N/A","#N/A","#N/A","#N/A","#N/A","#N/A","#N/A","#N/A","#N/A","#N/A","#N/A","#N/A","#N/A","#N/A","#N/A","#N/A","#N/A",Mr.,"#N/A"
db371813-efc6-49bd-a9b9-6b88e9e0423d,"#N/A","#N/A","#N/A","#N/A","#N/A","#N/A","#N/A","#N/A","#N/A",Mohan,"#N/A","#N/A",singh,"#N/A","#N/A","#N/A","#N/A","#N/A","#N/A","#N/A","#N/A","#N/A","#N/A","#N/A","#N/A","#N/A","#N/A","#N/A","#N/A","#N/A","#N/A","#N/A","#N/A","#N/A","#N/A"
dd5b1a15-210d-4f42-95ee-12441c09a181,"#N/A","#N/A","#N/A","#N/A","#N/A","#N/A","#N/A","#N/A","#N/A",Nikesh,"#N/A","#N/A",sharma,"#N/A","#N/A","#N/A","#N/A","#N/A","#N/A","#N/A","#N/A","#N/A",5845588,"#N/A","#N/A","#N/A","#N/A","#N/A","#N/A","#N/A","#N/A","#N/A","#N/A","#N/A","#N/A"
dd78635b-a65f-4806-bd4f-e1bb86e3b2ca,a1f7f5aa-3b59-4026-9721-5c215a5a3808,"#N/A","#N/A","#N/A","#N/A","#N/A","#N/A","#N/A","#N/A",vishal,"#N/A","#N/A",Sharma,"#N/A","#N/A","#N/A","#N/A","#N/A","#N/A","#N/A","#N/A","#N/A","#N/A","#N/A","#N/A","#N/A","#N/A","#N/A","#N/A","#N/A","#N/A","#N/A","#N/A",Mr.,"#N/A"
e13b3b56-f2fe-410c-9d85-c756a7c4fe53,b5d2d50d-a44a-4dc6-8c53-26182e466b7a,"#N/A","#N/A","#N/A","#N/A","#N/A","#N/A","#N/A","#N/A",Sekh,"#N/A","#N/A",Hasina,"#N/A","#N/A","#N/A","#N/A","#N/A","#N/A","#N/A","#N/A","#N/A","#N/A","#N/A","#N/A","#N/A","#N/A","#N/A","#N/A","#N/A","#N/A","#N/A","#N/A","#N/A","#N/A"
e375427e-5939-4771-a491-2e5953cdcf97,"#N/A","#N/A","#N/A","#N/A","#N/A","#N/A","#N/A","#N/A","#N/A",vishnu,"#N/A","#N/A",sharma,"#N/A","#N/A","#N/A","#N/A","#N/A","#N/A","#N/A","#N/A","#N/A","#N/A","#N/A","#N/A","#N/A","#N/A","#N/A","#N/A","#N/A","#N/A","#N/A","#N/A",Mr.,"#N/A"
e4145a99-6491-43d1-9ca6-3aaee9712efe,93f28a62-dd5d-4402-aa7f-c296c9b90090,"#N/A","#N/A","#N/A","#N/A","#N/A","#N/A","#N/A","#N/A",Sekh,"#N/A","#N/A",Hasina,"#N/A","#N/A","#N/A","#N/A","#N/A","#N/A","#N/A","#N/A","#N/A","#N/A","#N/A","#N/A","#N/A","#N/A","#N/A","#N/A","#N/A","#N/A","#N/A","#N/A","#N/A","#N/A"
e5c96af8-bef2-44ca-bb06-8684643c08c0,ca74ebee-a5d7-4e0e-8cb9-98dcce9bab4f,"#N/A","#N/A","#N/A","#N/A","#N/A","#N/A","#N/A","#N/A",Rinku,"#N/A","#N/A",Sharma,"#N/A","#N/A","#N/A","#N/A","#N/A","#N/A","#N/A","#N/A","#N/A","#N/A","#N/A","#N/A","#N/A","#N/A","#N/A","#N/A","#N/A","#N/A","#N/A","#N/A","#N/A","#N/A"
e62f5f3b-ec15-4795-a363-3c85993cb9fd,0211e3d9-ca0b-42d9-99cb-650e2bd5e4c4,"#N/A","#N/A","#N/A","#N/A","#N/A","#N/A","#N/A","#N/A",Roshan,"#N/A","#N/A",sharma,"#N/A","#N/A","#N/A","#N/A","#N/A","#N/A","#N/A","#N/A","#N/A","#N/A","#N/A","#N/A","#N/A","#N/A","#N/A","#N/A","#N/A","#N/A","#N/A","#N/A","#N/A","#N/A"
ecf02a69-22fe-47ad-a9dd-faa13123c10b,b2e1180c-be92-472b-8a85-bf5e8071f32e,"#N/A","#N/A","#N/A","#N/A","#N/A","#N/A","#N/A","#N/A",vishal,"#N/A","#N/A",Sharma,"#N/A","#N/A","#N/A","#N/A","#N/A","#N/A","#N/A","#N/A","#N/A","#N/A","#N/A","#N/A","#N/A","#N/A","#N/A","#N/A","#N/A","#N/A","#N/A","#N/A",Mr.,"#N/A"
ef92da2b-feec-4bfd-a938-4f121f67dec2,3d4057d3-0658-48a9-90f3-b388933c39d3,"#N/A","#N/A","#N/A","#N/A","#N/A","#N/A","#N/A","#N/A",Mohan,"#N/A","#N/A",singh,"#N/A","#N/A","#N/A","#N/A","#N/A","#N/A","#N/A","#N/A","#N/A","#N/A","#N/A","#N/A","#N/A","#N/A","#N/A","#N/A","#N/A","#N/A","#N/A","#N/A","#N/A","#N/A"
f1e50356-d8ab-4791-9a0f-7f01e1157d7f,81432c11-4c25-40a1-a4fb-a15295b14500,"#N/A","#N/A","#N/A","#N/A","#N/A","#N/A","#N/A","#N/A",Rakesh,"#N/A","#N/A",Singh,"#N/A","#N/A","#N/A","#N/A","#N/A","#N/A","#N/A","#N/A","#N/A","#N/A","#N/A","#N/A","#N/A","#N/A","#N/A","#N/A","#N/A","#N/A","#N/A","#N/A","#N/A","#N/A"
f24e5460-367c-4af3-8afb-975e2dfa6b92,d2bb0673-c979-49d1-a4de-a578ecebd494,"#N/A","#N/A","#N/A","#N/A","#N/A","#N/A","#N/A","#N/A",Roshan,"#N/A","#N/A",sharma,"#N/A","#N/A","#N/A","#N/A","#N/A","#N/A","#N/A","#N/A","#N/A","#N/A","#N/A","#N/A","#N/A","#N/A","#N/A","#N/A","#N/A","#N/A","#N/A","#N/A","#N/A","#N/A"
f2c128f5-8669-4f71-9f31-c41cd4946bbd,1ade60c6-f0e0-4feb-9219-312d2f7b2c0f,"#N/A","#N/A","#N/A","#N/A","#N/A","#N/A","#N/A","#N/A",Rakesh,"#N/A","#N/A",Singh,"#N/A","#N/A","#N/A","#N/A","#N/A","#N/A","#N/A","#N/A","#N/A","#N/A","#N/A","#N/A","#N/A","#N/A","#N/A","#N/A","#N/A","#N/A","#N/A","#N/A","#N/A","#N/A"
f82fa989-f719-47f3-85b6-a59dca3882d7,d06df6e2-4d9e-4946-864e-eafc38930323,"#N/A","#N/A","#N/A","#N/A","#N/A","#N/A","#N/A","#N/A",Rinku,"#N/A","#N/A",Sharma,"#N/A","#N/A","#N/A","#N/A","#N/A","#N/A","#N/A","#N/A","#N/A","#N/A","#N/A","#N/A","#N/A","#N/A","#N/A","#N/A","#N/A","#N/A","#N/A","#N/A","#N/A","#N/A"
f8d24d33-559f-4d1e-932d-9374ef6aa4e1,42970768-7fdb-4569-aec3-bbf48805c3d0,"#N/A","#N/A","#N/A","#N/A","#N/A","#N/A","#N/A","#N/A",Mohan,"#N/A","#N/A",singh,"#N/A","#N/A","#N/A","#N/A","#N/A","#N/A","#N/A","#N/A","#N/A","#N/A","#N/A","#N/A","#N/A","#N/A","#N/A","#N/A","#N/A","#N/A","#N/A","#N/A","#N/A","#N/A"
fa417414-dec7-4681-b76e-0fa9a592a008,3e57ac4d-260d-44e4-9717-74db38f40bae,"#N/A","#N/A","#N/A","#N/A","#N/A","#N/A","#N/A","#N/A",Roshan,"#N/A","#N/A",sharma,"#N/A","#N/A","#N/A","#N/A","#N/A","#N/A","#N/A","#N/A","#N/A","#N/A","#N/A","#N/A","#N/A","#N/A","#N/A","#N/A","#N/A","#N/A","#N/A","#N/A","#N/A","#N/A"
faca0490-d929-4ef2-a312-fad37a2a4203,ba47f5c2-6ab5-4d29-bbbc-8f0e86b2da96,"#N/A","#N/A","#N/A","#N/A","#N/A","#N/A","#N/A","#N/A",vishal,"#N/A","#N/A",Sharma,"#N/A","#N/A","#N/A","#N/A","#N/A","#N/A","#N/A","#N/A","#N/A","#N/A","#N/A","#N/A","#N/A","#N/A","#N/A","#N/A","#N/A","#N/A","#N/A","#N/A",Mr.,"#N/A"
